campus,bldgname,ts,latitude,longitude,year,month,day,hour,predicted_elec_kwh,predicted_htwt_mmbtuh,predicted_chll_tonh,predicted_co2_tonh
East,Fine Arts,2022-01-31T00:00:00,41.311962,-105.572089,2022,1,31,0,3886.68,,,2.6818092
East,Fine Arts,2022-02-02T00:00:00,41.311962,-105.572089,2022,2,2,0,3922.988525390625,,,2.706862211227417
East,Fine Arts,2022-02-03T00:00:00,41.311962,-105.572089,2022,2,3,0,3925.907470703125,,,2.708876132965088
East,Fine Arts,2022-02-04T00:00:00,41.311962,-105.572089,2022,2,4,0,3557.790283203125,,,2.454875230789185
East,Fine Arts,2022-02-05T00:00:00,41.311962,-105.572089,2022,2,5,0,3491.395751953125,,,2.40906310081482
East,Fine Arts,2022-02-06T00:00:00,41.311962,-105.572089,2022,2,6,0,3718.911376953125,,,2.5660488605499268
East,Fine Arts,2022-02-07T00:00:00,41.311962,-105.572089,2022,2,7,0,4030.34912109375,,,2.7809410095214844
East,Fine Arts,2022-02-08T00:00:00,41.311962,-105.572089,2022,2,8,0,3861.524169921875,,,2.664451837539673
East,Fine Arts,2022-02-09T00:00:00,41.311962,-105.572089,2022,2,9,0,3813.281494140625,,,2.631164312362671
East,Fine Arts,2022-02-10T00:00:00,41.311962,-105.572089,2022,2,10,0,3707.41064453125,,,2.5581133365631104
East,Fine Arts,2022-02-11T00:00:00,41.311962,-105.572089,2022,2,11,0,3600.06982421875,,,2.484048128128052
East,Fine Arts,2022-02-12T00:00:00,41.311962,-105.572089,2022,2,12,0,3395.189453125,,,2.342680692672729
East,Fine Arts,2022-02-13T00:00:00,41.311962,-105.572089,2022,2,13,0,3816.5263671875,,,2.6334033012390137
East,Fine Arts,2022-02-14T00:00:00,41.311962,-105.572089,2022,2,14,0,3431.449462890625,,,2.3677000999450684
East,Fine Arts,2022-02-15T00:00:00,41.311962,-105.572089,2022,2,15,0,3702.81103515625,,,2.554939746856689
East,Fine Arts,2022-02-16T00:00:00,41.311962,-105.572089,2022,2,16,0,3917.712890625,,,2.7032220363616943
East,Fine Arts,2022-02-17T00:00:00,41.311962,-105.572089,2022,2,17,0,3455.761474609375,,,2.3844754695892334
East,Fine Arts,2022-02-18T00:00:00,41.311962,-105.572089,2022,2,18,0,3545.549072265625,,,2.4464290142059326
East,Fine Arts,2022-02-19T00:00:00,41.311962,-105.572089,2022,2,19,0,3546.118896484375,,,2.446822166442871
East,Fine Arts,2022-02-20T00:00:00,41.311962,-105.572089,2022,2,20,0,3547.206298828125,,,2.447572469711304
East,Fine Arts,2022-02-21T00:00:00,41.311962,-105.572089,2022,2,21,0,3506.792236328125,,,2.419686794281006
East,Fine Arts,2022-02-22T00:00:00,41.311962,-105.572089,2022,2,22,0,3524.034912109375,,,2.431584119796753
East,Fine Arts,2022-02-23T00:00:00,41.311962,-105.572089,2022,2,23,0,3547.16748046875,,,2.447545528411865
East,Fine Arts,2022-02-24T00:00:00,41.311962,-105.572089,2022,2,24,0,3547.15380859375,,,2.4475362300872803
East,Fine Arts,2022-02-25T00:00:00,41.311962,-105.572089,2022,2,25,0,3547.1396484375,,,2.447526454925537
East,Fine Arts,2022-02-26T00:00:00,41.311962,-105.572089,2022,2,26,0,3547.125,,,2.447516202926636
East,Fine Arts,2022-02-27T00:00:00,41.311962,-105.572089,2022,2,27,0,3547.10986328125,,,2.4475059509277344
East,Fine Arts,2022-02-28T00:00:00,41.311962,-105.572089,2022,2,28,0,3547.094482421875,,,2.447495222091675
East,Fine Arts,2022-03-01T00:00:00,41.311962,-105.572089,2022,3,1,0,3547.07861328125,,,2.447484254837036
East,Fine Arts,2022-03-02T00:00:00,41.311962,-105.572089,2022,3,2,0,3539.657958984375,,,2.442363977432251
East,Fine Arts,2022-03-03T00:00:00,41.311962,-105.572089,2022,3,3,0,3539.5546875,,,2.4422926902771
East,Fine Arts,2022-03-04T00:00:00,41.311962,-105.572089,2022,3,4,0,3539.4326171875,,,2.4422085285186768
East,Fine Arts,2022-03-05T00:00:00,41.311962,-105.572089,2022,3,5,0,3477.55029296875,,,2.39950966835022
East,Fine Arts,2022-03-06T00:00:00,41.311962,-105.572089,2022,3,6,0,3504.998291015625,,,2.4184489250183105
East,Fine Arts,2022-03-07T00:00:00,41.311962,-105.572089,2022,3,7,0,3537.540771484375,,,2.440903186798096
East,Fine Arts,2022-03-08T00:00:00,41.311962,-105.572089,2022,3,8,0,3499.790771484375,,,2.414855718612671
East,Fine Arts,2022-03-09T00:00:00,41.311962,-105.572089,2022,3,9,0,3546.935302734375,,,2.447385311126709
East,Fine Arts,2022-03-10T00:00:00,41.311962,-105.572089,2022,3,10,0,3509.507080078125,,,2.421560049057007
East,Fine Arts,2022-03-11T00:00:00,41.311962,-105.572089,2022,3,11,0,3509.4052734375,,,2.421489715576172
East,Fine Arts,2022-03-12T00:00:00,41.311962,-105.572089,2022,3,12,0,3509.313232421875,,,2.421426296234131
East,Fine Arts,2022-03-13T00:00:00,41.311962,-105.572089,2022,3,13,0,3509.216552734375,,,2.4213595390319824
East,Fine Arts,2022-03-14T00:00:00,41.311962,-105.572089,2022,3,14,0,3509.118896484375,,,2.4212920665740967
East,Fine Arts,2022-03-15T00:00:00,41.311962,-105.572089,2022,3,15,0,3514.096923828125,,,2.424726963043213
East,Fine Arts,2022-03-16T00:00:00,41.311962,-105.572089,2022,3,16,0,3510.370361328125,,,2.4221556186676025
East,Fine Arts,2022-03-17T00:00:00,41.311962,-105.572089,2022,3,17,0,3510.27734375,,,2.422091484069824
East,Fine Arts,2022-03-18T00:00:00,41.311962,-105.572089,2022,3,18,0,3547.546142578125,,,2.4478068351745605
East,Fine Arts,2022-03-19T00:00:00,41.311962,-105.572089,2022,3,19,0,3544.604248046875,,,2.44577693939209
East,Fine Arts,2022-03-20T00:00:00,41.311962,-105.572089,2022,3,20,0,3544.578857421875,,,2.4457595348358154
East,Fine Arts,2022-03-21T00:00:00,41.311962,-105.572089,2022,3,21,0,3509.7060546875,,,2.4216971397399902
East,Fine Arts,2022-03-22T00:00:00,41.311962,-105.572089,2022,3,22,0,3624.205810546875,,,2.500702142715454
East,Fine Arts,2022-03-23T00:00:00,41.311962,-105.572089,2022,3,23,0,3740.0546875,,,2.580637693405152
East,Fine Arts,2022-03-24T00:00:00,41.311962,-105.572089,2022,3,24,0,3521.972412109375,,,2.430160999298096
East,Fine Arts,2022-03-25T00:00:00,41.311962,-105.572089,2022,3,25,0,3379.871826171875,,,2.332111597061157
East,Fine Arts,2022-03-26T00:00:00,41.311962,-105.572089,2022,3,26,0,3410.967041015625,,,2.353567361831665
East,Fine Arts,2022-03-27T00:00:00,41.311962,-105.572089,2022,3,27,0,3928.20458984375,,,2.710461139678955
East,Fine Arts,2022-03-28T00:00:00,41.311962,-105.572089,2022,3,28,0,3689.42041015625,,,2.5457000732421875
East,Fine Arts,2022-03-29T00:00:00,41.311962,-105.572089,2022,3,29,0,3729.4970703125,,,2.5733530521392822
East,Fine Arts,2022-03-30T00:00:00,41.311962,-105.572089,2022,3,30,0,3873.098876953125,,,2.672438383102417
East,Fine Arts,2022-03-31T00:00:00,41.311962,-105.572089,2022,3,31,0,3637.1767578125,,,2.509652137756348
East,Fine Arts,2022-04-01T00:00:00,41.311962,-105.572089,2022,4,1,0,3578.673583984375,,,2.469284772872925
East,Fine Arts,2022-04-02T00:00:00,41.311962,-105.572089,2022,4,2,0,3578.390380859375,,,2.4690895080566406
East,Fine Arts,2022-04-03T00:00:00,41.311962,-105.572089,2022,4,3,0,3766.384033203125,,,2.598804950714112
East,Fine Arts,2022-04-04T00:00:00,41.311962,-105.572089,2022,4,4,0,3691.946044921875,,,2.54744291305542
East,Fine Arts,2022-04-05T00:00:00,41.311962,-105.572089,2022,4,5,0,3777.37060546875,,,2.6063857078552246
East,Fine Arts,2022-04-06T00:00:00,41.311962,-105.572089,2022,4,6,0,3713.588623046875,,,2.5623762607574463
East,Fine Arts,2022-04-07T00:00:00,41.311962,-105.572089,2022,4,7,0,3726.77294921875,,,2.571473360061645
East,Fine Arts,2022-04-08T00:00:00,41.311962,-105.572089,2022,4,8,0,3631.67919921875,,,2.5058586597442627
East,Fine Arts,2022-04-09T00:00:00,41.311962,-105.572089,2022,4,9,0,3448.38818359375,,,2.379387855529785
East,Fine Arts,2022-04-10T00:00:00,41.311962,-105.572089,2022,4,10,0,3770.331787109375,,,2.6015288829803467
East,Fine Arts,2022-04-11T00:00:00,41.311962,-105.572089,2022,4,11,0,3886.081298828125,,,2.681396245956421
East,Fine Arts,2022-04-12T00:00:00,41.311962,-105.572089,2022,4,12,0,4133.61767578125,,,2.852196216583252
East,Fine Arts,2022-04-13T00:00:00,41.311962,-105.572089,2022,4,13,0,3930.828125,,,2.712271451950073
East,Fine Arts,2022-04-14T00:00:00,41.311962,-105.572089,2022,4,14,0,3479.21630859375,,,2.4006593227386475
East,Fine Arts,2022-04-15T00:00:00,41.311962,-105.572089,2022,4,15,0,3443.443359375,,,2.375976085662842
East,Fine Arts,2022-04-16T00:00:00,41.311962,-105.572089,2022,4,16,0,3224.543212890625,,,2.2249348163604736
East,Fine Arts,2022-04-17T00:00:00,41.311962,-105.572089,2022,4,17,0,3593.67919921875,,,2.4796388149261475
East,Fine Arts,2022-04-18T00:00:00,41.311962,-105.572089,2022,4,18,0,3530.356689453125,,,2.435946226119995
East,Fine Arts,2022-04-19T00:00:00,41.311962,-105.572089,2022,4,19,0,3670.514892578125,,,2.5326552391052246
East,Fine Arts,2022-04-20T00:00:00,41.311962,-105.572089,2022,4,20,0,3518.001953125,,,2.42742133140564
East,Fine Arts,2022-04-21T00:00:00,41.311962,-105.572089,2022,4,21,0,3562.821533203125,,,2.4583468437194824
East,Fine Arts,2022-04-22T00:00:00,41.311962,-105.572089,2022,4,22,0,3395.982421875,,,2.343227863311768
East,Fine Arts,2022-04-23T00:00:00,41.311962,-105.572089,2022,4,23,0,3474.601806640625,,,2.397475242614746
East,Fine Arts,2022-04-24T00:00:00,41.311962,-105.572089,2022,4,24,0,3870.998779296875,,,2.6709892749786377
East,Fine Arts,2022-04-25T00:00:00,41.311962,-105.572089,2022,4,25,0,3402.2783203125,,,2.347572088241577
East,Fine Arts,2022-04-26T00:00:00,41.311962,-105.572089,2022,4,26,0,3575.18896484375,,,2.466880321502685
East,Fine Arts,2022-04-27T00:00:00,41.311962,-105.572089,2022,4,27,0,3575.610595703125,,,2.467171430587769
East,Fine Arts,2022-04-28T00:00:00,41.311962,-105.572089,2022,4,28,0,3479.9248046875,,,2.4011480808258057
East,Fine Arts,2022-04-29T00:00:00,41.311962,-105.572089,2022,4,29,0,3479.69677734375,,,2.400990724563598
East,Fine Arts,2022-04-30T00:00:00,41.311962,-105.572089,2022,4,30,0,3597.9755859375,,,2.4826033115386963
East,Fine Arts,2022-05-01T00:00:00,41.311962,-105.572089,2022,5,1,0,3565.628662109375,,,2.4602837562561035
East,Fine Arts,2022-05-02T00:00:00,41.311962,-105.572089,2022,5,2,0,3556.844970703125,,,2.454223155975342
East,Fine Arts,2022-05-03T00:00:00,41.311962,-105.572089,2022,5,3,0,3556.828125,,,2.454211473464966
East,Fine Arts,2022-05-04T00:00:00,41.311962,-105.572089,2022,5,4,0,3585.82763671875,,,2.4742212295532227
East,Fine Arts,2022-05-05T00:00:00,41.311962,-105.572089,2022,5,5,0,3552.982177734375,,,2.451557874679565
East,Fine Arts,2022-05-06T00:00:00,41.311962,-105.572089,2022,5,6,0,3557.1279296875,,,2.454418420791626
East,Fine Arts,2022-05-07T00:00:00,41.311962,-105.572089,2022,5,7,0,3374.638671875,,,2.328500747680664
East,Fine Arts,2022-05-08T00:00:00,41.311962,-105.572089,2022,5,8,0,3615.57666015625,,,2.494747877120972
East,Fine Arts,2022-05-09T00:00:00,41.311962,-105.572089,2022,5,9,0,3558.8017578125,,,2.455573320388794
East,Fine Arts,2022-05-10T00:00:00,41.311962,-105.572089,2022,5,10,0,3660.358154296875,,,2.5256471633911133
East,Fine Arts,2022-05-11T00:00:00,41.311962,-105.572089,2022,5,11,0,3798.302001953125,,,2.62082839012146
East,Fine Arts,2022-05-12T00:00:00,41.311962,-105.572089,2022,5,12,0,3818.471923828125,,,2.6347455978393555
East,Fine Arts,2022-05-13T00:00:00,41.311962,-105.572089,2022,5,13,0,3171.644775390625,,,2.188434839248657
East,Fine Arts,2022-05-14T00:00:00,41.311962,-105.572089,2022,5,14,0,3528.88671875,,,2.434931993484497
East,Fine Arts,2022-05-15T00:00:00,41.311962,-105.572089,2022,5,15,0,3611.615478515625,,,2.492014646530152
East,Fine Arts,2022-05-16T00:00:00,41.311962,-105.572089,2022,5,16,0,3572.2861328125,,,2.4648776054382324
East,Fine Arts,2022-05-17T00:00:00,41.311962,-105.572089,2022,5,17,0,3568.584228515625,,,2.4623231887817383
East,Fine Arts,2022-05-18T00:00:00,41.311962,-105.572089,2022,5,18,0,3568.59326171875,,,2.462329387664795
East,Fine Arts,2022-05-19T00:00:00,41.311962,-105.572089,2022,5,19,0,3507.343994140625,,,2.420067310333252
East,Fine Arts,2022-05-20T00:00:00,41.311962,-105.572089,2022,5,20,0,3586.720703125,,,2.474837303161621
East,Fine Arts,2022-05-21T00:00:00,41.311962,-105.572089,2022,5,21,0,3560.9560546875,,,2.457059621810913
East,Fine Arts,2022-05-22T00:00:00,41.311962,-105.572089,2022,5,22,0,3552.826416015625,,,2.45145034790039
East,Fine Arts,2022-05-23T00:00:00,41.311962,-105.572089,2022,5,23,0,3552.77978515625,,,2.451418161392212
East,Fine Arts,2022-05-24T00:00:00,41.311962,-105.572089,2022,5,24,0,3552.732177734375,,,2.451385259628296
East,Fine Arts,2022-05-25T00:00:00,41.311962,-105.572089,2022,5,25,0,3552.683349609375,,,2.4513516426086426
East,Fine Arts,2022-05-26T00:00:00,41.311962,-105.572089,2022,5,26,0,3552.633544921875,,,2.451317310333252
East,Fine Arts,2022-05-27T00:00:00,41.311962,-105.572089,2022,5,27,0,3552.550048828125,,,2.4512596130371094
East,Fine Arts,2022-05-28T00:00:00,41.311962,-105.572089,2022,5,28,0,3552.506591796875,,,2.4512295722961426
East,Fine Arts,2022-05-29T00:00:00,41.311962,-105.572089,2022,5,29,0,3491.544677734375,,,2.409165859222412
East,Fine Arts,2022-05-30T00:00:00,41.311962,-105.572089,2022,5,30,0,3552.41650390625,,,2.451167345046997
East,Fine Arts,2022-05-31T00:00:00,41.311962,-105.572089,2022,5,31,0,3552.369873046875,,,2.4511351585388184
East,Fine Arts,2022-06-01T00:00:00,41.311962,-105.572089,2022,6,1,0,3552.322021484375,,,2.4511022567749023
East,Fine Arts,2022-06-02T00:00:00,41.311962,-105.572089,2022,6,2,0,3552.27294921875,,,2.45106840133667
East,Fine Arts,2022-06-03T00:00:00,41.311962,-105.572089,2022,6,3,0,3531.97705078125,,,2.4370641708374023
East,Fine Arts,2022-06-04T00:00:00,41.311962,-105.572089,2022,6,4,0,3554.147705078125,,,2.452362060546875
East,Fine Arts,2022-06-05T00:00:00,41.311962,-105.572089,2022,6,5,0,3552.11865234375,,,2.4509618282318115
East,Fine Arts,2022-06-06T00:00:00,41.311962,-105.572089,2022,6,6,0,3585.977294921875,,,2.4743244647979736
East,Fine Arts,2022-06-07T00:00:00,41.311962,-105.572089,2022,6,7,0,3553.332275390625,,,2.451799392700196
East,Fine Arts,2022-06-08T00:00:00,41.311962,-105.572089,2022,6,8,0,3553.27197265625,,,2.4517576694488525
East,Fine Arts,2022-06-09T00:00:00,41.311962,-105.572089,2022,6,9,0,3553.2099609375,,,2.4517149925231934
East,Fine Arts,2022-06-10T00:00:00,41.311962,-105.572089,2022,6,10,0,3553.14697265625,,,2.4516713619232178
East,Fine Arts,2022-06-11T00:00:00,41.311962,-105.572089,2022,6,11,0,3553.052490234375,,,2.451606273651123
East,Fine Arts,2022-06-12T00:00:00,41.311962,-105.572089,2022,6,12,0,3552.986572265625,,,2.451560735702514
East,Fine Arts,2022-06-13T00:00:00,41.311962,-105.572089,2022,6,13,0,3552.919677734375,,,2.451514720916748
East,Fine Arts,2022-06-14T00:00:00,41.311962,-105.572089,2022,6,14,0,3552.825927734375,,,2.4514498710632324
East,Fine Arts,2022-06-15T00:00:00,41.311962,-105.572089,2022,6,15,0,3552.75634765625,,,2.451401948928833
East,Fine Arts,2022-06-16T00:00:00,41.311962,-105.572089,2022,6,16,0,3552.685546875,,,2.451353073120117
East,Fine Arts,2022-06-17T00:00:00,41.311962,-105.572089,2022,6,17,0,3556.76513671875,,,2.4541680812835693
East,Fine Arts,2022-06-18T00:00:00,41.311962,-105.572089,2022,6,18,0,3556.7001953125,,,2.4541232585906982
East,Fine Arts,2022-06-19T00:00:00,41.311962,-105.572089,2022,6,19,0,3556.634033203125,,,2.4540774822235107
East,Fine Arts,2022-06-20T00:00:00,41.311962,-105.572089,2022,6,20,0,3556.566162109375,,,2.454030752182007
East,Fine Arts,2022-06-21T00:00:00,41.311962,-105.572089,2022,6,21,0,3556.496826171875,,,2.4539828300476074
East,Fine Arts,2022-06-22T00:00:00,41.311962,-105.572089,2022,6,22,0,3556.426025390625,,,2.453933954238892
East,Fine Arts,2022-06-23T00:00:00,41.311962,-105.572089,2022,6,23,0,3554.27685546875,,,2.45245099067688
East,Fine Arts,2022-06-24T00:00:00,41.311962,-105.572089,2022,6,24,0,3554.21044921875,,,2.4524052143096924
East,Fine Arts,2022-06-25T00:00:00,41.311962,-105.572089,2022,6,25,0,3553.736083984375,,,2.452077865600586
East,Fine Arts,2022-06-26T00:00:00,41.311962,-105.572089,2022,6,26,0,3553.666015625,,,2.4520297050476074
East,Fine Arts,2022-06-27T00:00:00,41.311962,-105.572089,2022,6,27,0,3553.59423828125,,,2.4519801139831543
East,Fine Arts,2022-06-28T00:00:00,41.311962,-105.572089,2022,6,28,0,3553.520751953125,,,2.4519293308258057
East,Fine Arts,2022-06-29T00:00:00,41.311962,-105.572089,2022,6,29,0,3824.950439453125,,,2.6392159461975098
East,Fine Arts,2022-06-30T00:00:00,41.311962,-105.572089,2022,6,30,0,3755.40380859375,,,2.591228723526001
East,Fine Arts,2022-07-01T00:00:00,41.311962,-105.572089,2022,7,1,0,3544.01708984375,,,2.4453718662261963
East,Fine Arts,2022-07-02T00:00:00,41.311962,-105.572089,2022,7,2,0,3374.333740234375,,,2.3282902240753174
East,Fine Arts,2022-07-03T00:00:00,41.311962,-105.572089,2022,7,3,0,3613.498046875,,,2.493313789367676
East,Fine Arts,2022-07-04T00:00:00,41.311962,-105.572089,2022,7,4,0,3729.2744140625,,,2.573199510574341
East,Fine Arts,2022-07-05T00:00:00,41.311962,-105.572089,2022,7,5,0,3611.84228515625,,,2.492171287536621
East,Fine Arts,2022-07-06T00:00:00,41.311962,-105.572089,2022,7,6,0,3893.228759765625,,,2.6863279342651367
East,Fine Arts,2022-07-07T00:00:00,41.311962,-105.572089,2022,7,7,0,3845.02880859375,,,2.653069972991944
East,Fine Arts,2022-07-08T00:00:00,41.311962,-105.572089,2022,7,8,0,3614.8466796875,,,2.494244337081909
East,Fine Arts,2022-07-09T00:00:00,41.311962,-105.572089,2022,7,9,0,3844.616943359375,,,2.6527857780456543
East,Fine Arts,2022-07-10T00:00:00,41.311962,-105.572089,2022,7,10,0,3810.373291015625,,,2.629157543182373
East,Fine Arts,2022-07-11T00:00:00,41.311962,-105.572089,2022,7,11,0,3711.362548828125,,,2.560840129852295
East,Fine Arts,2022-07-12T00:00:00,41.311962,-105.572089,2022,7,12,0,3775.137451171875,,,2.604844808578491
East,Fine Arts,2022-07-13T00:00:00,41.311962,-105.572089,2022,7,13,0,3880.936767578125,,,2.6778464317321777
East,Fine Arts,2022-07-14T00:00:00,41.311962,-105.572089,2022,7,14,0,3736.6982421875,,,2.578321933746338
East,Fine Arts,2022-07-15T00:00:00,41.311962,-105.572089,2022,7,15,0,3372.989501953125,,,2.3273627758026123
East,Fine Arts,2022-07-16T00:00:00,41.311962,-105.572089,2022,7,16,0,3274.047607421875,,,2.2590928077697754
East,Fine Arts,2022-07-17T00:00:00,41.311962,-105.572089,2022,7,17,0,3646.731689453125,,,2.516244888305664
East,Fine Arts,2022-07-18T00:00:00,41.311962,-105.572089,2022,7,18,0,3512.084716796875,,,2.4233384132385254
East,Fine Arts,2022-07-19T00:00:00,41.311962,-105.572089,2022,7,19,0,3519.2861328125,,,2.42830753326416
East,Fine Arts,2022-07-20T00:00:00,41.311962,-105.572089,2022,7,20,0,3522.06591796875,,,2.430225610733032
East,Fine Arts,2022-07-21T00:00:00,41.311962,-105.572089,2022,7,21,0,3646.47802734375,,,2.5160698890686035
East,Fine Arts,2022-07-22T00:00:00,41.311962,-105.572089,2022,7,22,0,3269.739501953125,,,2.256120204925537
East,Fine Arts,2022-07-23T00:00:00,41.311962,-105.572089,2022,7,23,0,3302.481689453125,,,2.278712511062622
East,Fine Arts,2022-07-24T00:00:00,41.311962,-105.572089,2022,7,24,0,3524.314208984375,,,2.431776762008667
East,Fine Arts,2022-07-25T00:00:00,41.311962,-105.572089,2022,7,25,0,3591.165771484375,,,2.477904319763184
East,Fine Arts,2022-07-26T00:00:00,41.311962,-105.572089,2022,7,26,0,3480.094970703125,,,2.4012656211853027
East,Fine Arts,2022-07-27T00:00:00,41.311962,-105.572089,2022,7,27,0,3525.729736328125,,,2.432753562927246
East,Fine Arts,2022-07-28T00:00:00,41.311962,-105.572089,2022,7,28,0,3527.788330078125,,,2.434174060821533
East,Fine Arts,2022-07-29T00:00:00,41.311962,-105.572089,2022,7,29,0,3289.542724609375,,,2.269784450531006
East,Fine Arts,2022-07-30T00:00:00,41.311962,-105.572089,2022,7,30,0,3287.945068359375,,,2.26868224143982
East,Fine Arts,2022-07-31T00:00:00,41.311962,-105.572089,2022,7,31,0,3702.8623046875,,,2.5549750328063965
East,Fine Arts,2022-08-01T00:00:00,41.311962,-105.572089,2022,8,1,0,3524.945556640625,,,2.4322125911712646
East,Fine Arts,2022-08-02T00:00:00,41.311962,-105.572089,2022,8,2,0,3478.16357421875,,,2.399932861328125
East,Fine Arts,2022-08-03T00:00:00,41.311962,-105.572089,2022,8,3,0,3777.645751953125,,,2.606575727462769
East,Fine Arts,2022-08-04T00:00:00,41.311962,-105.572089,2022,8,4,0,3778.166015625,,,2.6069345474243164
East,Fine Arts,2022-08-05T00:00:00,41.311962,-105.572089,2022,8,5,0,3524.011962890625,,,2.431568384170532
East,Fine Arts,2022-08-06T00:00:00,41.311962,-105.572089,2022,8,6,0,3506.75537109375,,,2.419661283493042
East,Fine Arts,2022-08-07T00:00:00,41.311962,-105.572089,2022,8,7,0,3660.509765625,,,2.525751829147339
East,Fine Arts,2022-08-08T00:00:00,41.311962,-105.572089,2022,8,8,0,3600.7216796875,,,2.4844980239868164
East,Fine Arts,2022-08-09T00:00:00,41.311962,-105.572089,2022,8,9,0,3523.175048828125,,,2.430990934371948
East,Fine Arts,2022-08-10T00:00:00,41.311962,-105.572089,2022,8,10,0,3736.673828125,,,2.5783050060272217
East,Fine Arts,2022-08-11T00:00:00,41.311962,-105.572089,2022,8,11,0,3521.028564453125,,,2.4295098781585693
East,Fine Arts,2022-08-12T00:00:00,41.311962,-105.572089,2022,8,12,0,3300.706298828125,,,2.277487277984619
East,Fine Arts,2022-08-13T00:00:00,41.311962,-105.572089,2022,8,13,0,2735.5927734375,,,1.887559056282044
East,Fine Arts,2022-08-14T00:00:00,41.311962,-105.572089,2022,8,14,0,3157.627685546875,,,2.1787631511688232
East,Fine Arts,2022-08-15T00:00:00,41.311962,-105.572089,2022,8,15,0,3280.9033203125,,,2.263823270797729
East,Fine Arts,2022-08-16T00:00:00,41.311962,-105.572089,2022,8,16,0,3327.720703125,,,2.296127319335937
East,Fine Arts,2022-08-17T00:00:00,41.311962,-105.572089,2022,8,17,0,3539.128173828125,,,2.4419984817504883
East,Fine Arts,2022-08-18T00:00:00,41.311962,-105.572089,2022,8,18,0,3477.43310546875,,,2.3994288444519043
East,Fine Arts,2022-08-19T00:00:00,41.311962,-105.572089,2022,8,19,0,3151.31298828125,,,2.174406051635742
East,Fine Arts,2022-08-20T00:00:00,41.311962,-105.572089,2022,8,20,0,3264.95947265625,,,2.252822160720825
East,Fine Arts,2022-08-21T00:00:00,41.311962,-105.572089,2022,8,21,0,3598.805908203125,,,2.4831762313842773
East,Fine Arts,2022-08-22T00:00:00,41.311962,-105.572089,2022,8,22,0,3718.167236328125,,,2.565535545349121
East,Fine Arts,2022-08-23T00:00:00,41.311962,-105.572089,2022,8,23,0,3535.740234375,,,2.439660787582397
East,Fine Arts,2022-08-24T00:00:00,41.311962,-105.572089,2022,8,24,0,3566.06005859375,,,2.4605815410614014
East,Fine Arts,2022-08-25T00:00:00,41.311962,-105.572089,2022,8,25,0,3472.350341796875,,,2.3959217071533203
East,Fine Arts,2022-08-26T00:00:00,41.311962,-105.572089,2022,8,26,0,3228.445556640625,,,2.2276275157928467
East,Fine Arts,2022-08-27T00:00:00,41.311962,-105.572089,2022,8,27,0,3123.550048828125,,,2.15524959564209
East,Fine Arts,2022-08-28T00:00:00,41.311962,-105.572089,2022,8,28,0,3493.3212890625,,,2.4103918075561523
East,Fine Arts,2022-08-29T00:00:00,41.311962,-105.572089,2022,8,29,0,3578.39111328125,,,2.469089984893799
East,Fine Arts,2022-08-30T00:00:00,41.311962,-105.572089,2022,8,30,0,3519.19384765625,,,2.42824387550354
East,Fine Arts,2022-08-31T00:00:00,41.311962,-105.572089,2022,8,31,0,3540.7763671875,,,2.4431357383728027
East,Fine Arts,2022-09-01T00:00:00,41.311962,-105.572089,2022,9,1,0,3427.309326171875,,,2.364843368530273
East,Fine Arts,2022-09-02T00:00:00,41.311962,-105.572089,2022,9,2,0,3158.7177734375,,,2.1795153617858887
East,Fine Arts,2022-09-03T00:00:00,41.311962,-105.572089,2022,9,3,0,3279.6533203125,,,2.262960910797119
East,Fine Arts,2022-09-04T00:00:00,41.311962,-105.572089,2022,9,4,0,3232.021728515625,,,2.230095148086548
East,Fine Arts,2022-09-05T00:00:00,41.311962,-105.572089,2022,9,5,0,3601.505615234375,,,2.485038995742798
East,Fine Arts,2022-09-06T00:00:00,41.311962,-105.572089,2022,9,6,0,3656.4453125,,,2.522947311401367
East,Fine Arts,2022-09-07T00:00:00,41.311962,-105.572089,2022,9,7,0,3597.55078125,,,2.4823100566864014
East,Fine Arts,2022-09-08T00:00:00,41.311962,-105.572089,2022,9,8,0,3905.854248046875,,,2.6950395107269287
East,Fine Arts,2022-09-09T00:00:00,41.311962,-105.572089,2022,9,9,0,3482.85302734375,,,2.4031686782836914
East,Fine Arts,2022-09-10T00:00:00,41.311962,-105.572089,2022,9,10,0,3340.901611328125,,,2.305222272872925
East,Fine Arts,2022-09-11T00:00:00,41.311962,-105.572089,2022,9,11,0,3726.65966796875,,,2.5713951587677
East,Fine Arts,2022-09-12T00:00:00,41.311962,-105.572089,2022,9,12,0,3665.455810546875,,,2.529164552688598
East,Fine Arts,2022-09-13T00:00:00,41.311962,-105.572089,2022,9,13,0,3518.5556640625,,,2.4278035163879395
East,Fine Arts,2022-09-14T00:00:00,41.311962,-105.572089,2022,9,14,0,3718.354248046875,,,2.565664529800415
East,Fine Arts,2022-09-15T00:00:00,41.311962,-105.572089,2022,9,15,0,3550.048095703125,,,2.449533224105835
East,Fine Arts,2022-09-16T00:00:00,41.311962,-105.572089,2022,9,16,0,3355.397705078125,,,2.3152244091033936
East,Fine Arts,2022-09-17T00:00:00,41.311962,-105.572089,2022,9,17,0,3226.7099609375,,,2.2264299392700195
East,Fine Arts,2022-09-18T00:00:00,41.311962,-105.572089,2022,9,18,0,3499.54541015625,,,2.414686441421509
East,Fine Arts,2022-09-19T00:00:00,41.311962,-105.572089,2022,9,19,0,3822.7197265625,,,2.63767671585083
East,Fine Arts,2022-09-20T00:00:00,41.311962,-105.572089,2022,9,20,0,3504.76025390625,,,2.4182846546173096
East,Fine Arts,2022-09-21T00:00:00,41.311962,-105.572089,2022,9,21,0,3827.213623046875,,,2.640777349472046
East,Fine Arts,2022-09-22T00:00:00,41.311962,-105.572089,2022,9,22,0,3593.192138671875,,,2.4793026447296143
East,Fine Arts,2022-09-23T00:00:00,41.311962,-105.572089,2022,9,23,0,3545.8037109375,,,2.4466047286987305
East,Fine Arts,2022-09-24T00:00:00,41.311962,-105.572089,2022,9,24,0,3359.2490234375,,,2.31788182258606
East,Fine Arts,2022-09-25T00:00:00,41.311962,-105.572089,2022,9,25,0,3573.84521484375,,,2.4659533500671387
East,Fine Arts,2022-09-26T00:00:00,41.311962,-105.572089,2022,9,26,0,3285.882568359375,,,2.267259120941162
East,Fine Arts,2022-09-27T00:00:00,41.311962,-105.572089,2022,9,27,0,3505.5673828125,,,2.418841600418091
East,Fine Arts,2022-09-28T00:00:00,41.311962,-105.572089,2022,9,28,0,3501.874755859375,,,2.4162936210632324
East,Fine Arts,2022-09-29T00:00:00,41.311962,-105.572089,2022,9,29,0,3690.354248046875,,,2.546344518661499
East,Fine Arts,2022-09-30T00:00:00,41.311962,-105.572089,2022,9,30,0,3322.7138671875,,,2.292672634124756
East,Fine Arts,2022-10-01T00:00:00,41.311962,-105.572089,2022,10,1,0,3262.541259765625,,,2.2511534690856934
East,Fine Arts,2022-10-02T00:00:00,41.311962,-105.572089,2022,10,2,0,3654.43896484375,,,2.5215630531311035
East,Fine Arts,2022-10-03T00:00:00,41.311962,-105.572089,2022,10,3,0,3397.90576171875,,,2.344555139541626
East,Fine Arts,2022-10-04T00:00:00,41.311962,-105.572089,2022,10,4,0,3499.306884765625,,,2.4145216941833496
East,Fine Arts,2022-10-05T00:00:00,41.311962,-105.572089,2022,10,5,0,3495.160400390625,,,2.411660671234131
East,Fine Arts,2022-10-06T00:00:00,41.311962,-105.572089,2022,10,6,0,3499.976806640625,,,2.4149839878082275
East,Fine Arts,2022-10-07T00:00:00,41.311962,-105.572089,2022,10,7,0,3499.479736328125,,,2.4146411418914795
East,Fine Arts,2022-10-08T00:00:00,41.311962,-105.572089,2022,10,8,0,3498.967529296875,,,2.414287567138672
East,Fine Arts,2022-10-09T00:00:00,41.311962,-105.572089,2022,10,9,0,3498.439697265625,,,2.413923501968384
East,Fine Arts,2022-10-10T00:00:00,41.311962,-105.572089,2022,10,10,0,3507.11669921875,,,2.4199106693267822
East,Fine Arts,2022-10-11T00:00:00,41.311962,-105.572089,2022,10,11,0,3497.336181640625,,,2.4131619930267334
East,Fine Arts,2022-10-12T00:00:00,41.311962,-105.572089,2022,10,12,0,3479.09716796875,,,2.4005770683288574
East,Fine Arts,2022-10-13T00:00:00,41.311962,-105.572089,2022,10,13,0,3541.95751953125,,,2.443950653076172
East,Fine Arts,2022-10-14T00:00:00,41.311962,-105.572089,2022,10,14,0,3535.6708984375,,,2.439612865447998
East,Fine Arts,2022-10-15T00:00:00,41.311962,-105.572089,2022,10,15,0,3534.077880859375,,,2.43851375579834
East,Fine Arts,2022-10-16T00:00:00,41.311962,-105.572089,2022,10,16,0,3540.922607421875,,,2.4432365894317627
East,Fine Arts,2022-10-17T00:00:00,41.311962,-105.572089,2022,10,17,0,3540.347900390625,,,2.442840099334717
East,Fine Arts,2022-10-18T00:00:00,41.311962,-105.572089,2022,10,18,0,3548.29736328125,,,2.448325157165528
East,Fine Arts,2022-10-19T00:00:00,41.311962,-105.572089,2022,10,19,0,3658.697998046875,,,2.5245015621185303
East,Fine Arts,2022-10-20T00:00:00,41.311962,-105.572089,2022,10,20,0,3446.78173828125,,,2.378279447555542
East,Fine Arts,2022-10-21T00:00:00,41.311962,-105.572089,2022,10,21,0,3223.838134765625,,,2.2244484424591064
East,Fine Arts,2022-10-22T00:00:00,41.311962,-105.572089,2022,10,22,0,3215.407470703125,,,2.2186312675476074
East,Fine Arts,2022-10-23T00:00:00,41.311962,-105.572089,2022,10,23,0,3443.739013671875,,,2.3761799335479736
East,Fine Arts,2022-10-24T00:00:00,41.311962,-105.572089,2022,10,24,0,3496.731201171875,,,2.4127445220947266
East,Fine Arts,2022-10-25T00:00:00,41.311962,-105.572089,2022,10,25,0,3540.584716796875,,,2.4430034160614014
East,Fine Arts,2022-10-26T00:00:00,41.311962,-105.572089,2022,10,26,0,3561.2705078125,,,2.4572768211364746
East,Fine Arts,2022-10-27T00:00:00,41.311962,-105.572089,2022,10,27,0,3575.31103515625,,,2.4669647216796875
East,Fine Arts,2022-10-28T00:00:00,41.311962,-105.572089,2022,10,28,0,3200.385009765625,,,2.208265781402588
East,Fine Arts,2022-10-29T00:00:00,41.311962,-105.572089,2022,10,29,0,3156.64404296875,,,2.178084373474121
East,Fine Arts,2022-10-30T00:00:00,41.311962,-105.572089,2022,10,30,0,3551.97802734375,,,2.450864791870117
East,Fine Arts,2022-10-31T00:00:00,41.311962,-105.572089,2022,10,31,0,3426.820068359375,,,2.3645060062408447
East,Fine Arts,2022-11-01T00:00:00,41.311962,-105.572089,2022,11,1,0,3314.823974609375,,,2.287228584289551
East,Fine Arts,2022-11-02T00:00:00,41.311962,-105.572089,2022,11,2,0,3507.947509765625,,,2.4204838275909424
East,Fine Arts,2022-11-03T00:00:00,41.311962,-105.572089,2022,11,3,0,3695.091552734375,,,2.549613237380981
East,Fine Arts,2022-11-04T00:00:00,41.311962,-105.572089,2022,11,4,0,2657.7900390625,,,1.833875179290772
East,Fine Arts,2022-11-05T00:00:00,41.311962,-105.572089,2022,11,5,0,3709.09375,,,2.559274673461914
East,Fine Arts,2022-11-06T00:00:00,41.311962,-105.572089,2022,11,6,0,3825.329833984375,,,2.639477729797364
East,Fine Arts,2022-11-07T00:00:00,41.311962,-105.572089,2022,11,7,0,3271.004638671875,,,2.256993293762207
East,Fine Arts,2022-11-08T00:00:00,41.311962,-105.572089,2022,11,8,0,3418.461181640625,,,2.35873818397522
East,Fine Arts,2022-11-09T00:00:00,41.311962,-105.572089,2022,11,9,0,3576.808837890625,,,2.4679982662200928
East,Fine Arts,2022-11-10T00:00:00,41.311962,-105.572089,2022,11,10,0,3532.656494140625,,,2.437533140182495
East,Fine Arts,2022-11-11T00:00:00,41.311962,-105.572089,2022,11,11,0,3206.271728515625,,,2.212327480316162
East,Fine Arts,2022-11-12T00:00:00,41.311962,-105.572089,2022,11,12,0,3253.32861328125,,,2.2447967529296875
East,Fine Arts,2022-11-13T00:00:00,41.311962,-105.572089,2022,11,13,0,3418.487548828125,,,2.3587565422058105
East,Fine Arts,2022-11-14T00:00:00,41.311962,-105.572089,2022,11,14,0,3423.717041015625,,,2.3623647689819336
East,Fine Arts,2022-11-15T00:00:00,41.311962,-105.572089,2022,11,15,0,3511.9873046875,,,2.4232711791992188
East,Fine Arts,2022-11-16T00:00:00,41.311962,-105.572089,2022,11,16,0,3517.718505859375,,,2.4272258281707764
East,Fine Arts,2022-11-17T00:00:00,41.311962,-105.572089,2022,11,17,0,3948.311279296875,,,2.724334955215454
East,Fine Arts,2022-11-18T00:00:00,41.311962,-105.572089,2022,11,18,0,3764.20458984375,,,2.5973012447357178
East,Fine Arts,2022-11-19T00:00:00,41.311962,-105.572089,2022,11,19,0,3698.471923828125,,,2.551945686340332
East,Fine Arts,2022-11-20T00:00:00,41.311962,-105.572089,2022,11,20,0,3558.519287109375,,,2.455378293991089
East,Fine Arts,2022-11-21T00:00:00,41.311962,-105.572089,2022,11,21,0,3693.041015625,,,2.5481984615325928
East,Fine Arts,2022-11-22T00:00:00,41.311962,-105.572089,2022,11,22,0,3387.672119140625,,,2.337493896484375
East,Fine Arts,2022-11-23T00:00:00,41.311962,-105.572089,2022,11,23,0,3475.214111328125,,,2.397897720336914
East,Fine Arts,2022-11-24T00:00:00,41.311962,-105.572089,2022,11,24,0,3472.62548828125,,,2.3961117267608643
East,Fine Arts,2022-11-25T00:00:00,41.311962,-105.572089,2022,11,25,0,3361.201904296875,,,2.3192293643951416
East,Fine Arts,2022-11-26T00:00:00,41.311962,-105.572089,2022,11,26,0,3268.75,,,2.2554376125335693
East,Fine Arts,2022-11-27T00:00:00,41.311962,-105.572089,2022,11,27,0,3544.64501953125,,,2.445805072784424
East,Fine Arts,2022-11-28T00:00:00,41.311962,-105.572089,2022,11,28,0,3780.708251953125,,,2.6086888313293457
East,Fine Arts,2022-11-29T00:00:00,41.311962,-105.572089,2022,11,29,0,3742.318115234375,,,2.5821995735168457
East,Fine Arts,2022-11-30T00:00:00,41.311962,-105.572089,2022,11,30,0,3342.2177734375,,,2.3061304092407227
East,Fine Arts,2022-12-01T00:00:00,41.311962,-105.572089,2022,12,1,0,3497.5537109375,,,2.4133121967315674
East,Fine Arts,2022-12-02T00:00:00,41.311962,-105.572089,2022,12,2,0,3345.598388671875,,,2.308462858200073
East,Fine Arts,2022-12-03T00:00:00,41.311962,-105.572089,2022,12,3,0,3443.391357421875,,,2.375940084457397
East,Fine Arts,2022-12-04T00:00:00,41.311962,-105.572089,2022,12,4,0,3617.7900390625,,,2.4962751865386963
East,Fine Arts,2022-12-05T00:00:00,41.311962,-105.572089,2022,12,5,0,3545.444580078125,,,2.446356773376465
East,Fine Arts,2022-12-06T00:00:00,41.311962,-105.572089,2022,12,6,0,3542.016845703125,,,2.4439916610717773
East,Fine Arts,2022-12-07T00:00:00,41.311962,-105.572089,2022,12,7,0,3390.36328125,,,2.339350700378418
East,Fine Arts,2022-12-08T00:00:00,41.311962,-105.572089,2022,12,8,0,3497.870361328125,,,2.4135305881500244
East,Fine Arts,2022-12-09T00:00:00,41.311962,-105.572089,2022,12,9,0,3154.863037109375,,,2.176855564117432
East,Fine Arts,2022-12-10T00:00:00,41.311962,-105.572089,2022,12,10,0,3321.3154296875,,,2.291707754135132
East,Fine Arts,2022-12-11T00:00:00,41.311962,-105.572089,2022,12,11,0,3568.802490234375,,,2.4624738693237305
East,Fine Arts,2022-12-12T00:00:00,41.311962,-105.572089,2022,12,12,0,3421.783203125,,,2.361030578613281
East,Fine Arts,2022-12-13T00:00:00,41.311962,-105.572089,2022,12,13,0,3714.599609375,,,2.563073873519897
East,Fine Arts,2022-12-14T00:00:00,41.311962,-105.572089,2022,12,14,0,3473.23291015625,,,2.396530866622925
East,Fine Arts,2022-12-15T00:00:00,41.311962,-105.572089,2022,12,15,0,3692.172119140625,,,2.5475988388061523
East,Fine Arts,2022-12-16T00:00:00,41.311962,-105.572089,2022,12,16,0,3609.365234375,,,2.490462064743042
East,Fine Arts,2022-12-17T00:00:00,41.311962,-105.572089,2022,12,17,0,3688.47119140625,,,2.5450451374053955
East,Fine Arts,2022-12-18T00:00:00,41.311962,-105.572089,2022,12,18,0,3484.347412109375,,,2.4041998386383057
East,Fine Arts,2022-12-19T00:00:00,41.311962,-105.572089,2022,12,19,0,3367.901123046875,,,2.3238518238067627
East,Fine Arts,2022-12-20T00:00:00,41.311962,-105.572089,2022,12,20,0,3535.953125,,,2.439807653427124
East,Fine Arts,2022-12-21T00:00:00,41.311962,-105.572089,2022,12,21,0,3499.9267578125,,,2.414949417114258
East,Fine Arts,2022-12-22T00:00:00,41.311962,-105.572089,2022,12,22,0,3415.7685546875,,,2.3568804264068604
East,Fine Arts,2022-12-23T00:00:00,41.311962,-105.572089,2022,12,23,0,3388.95458984375,,,2.338378667831421
East,Fine Arts,2022-12-24T00:00:00,41.311962,-105.572089,2022,12,24,0,3056.50244140625,,,2.108986616134644
East,Fine Arts,2022-12-25T00:00:00,41.311962,-105.572089,2022,12,25,0,3109.672607421875,,,2.145674228668213
East,Fine Arts,2022-12-26T00:00:00,41.311962,-105.572089,2022,12,26,0,3051.00439453125,,,2.1051931381225586
East,Fine Arts,2022-12-27T00:00:00,41.311962,-105.572089,2022,12,27,0,3014.18359375,,,2.079786777496338
East,Fine Arts,2022-12-28T00:00:00,41.311962,-105.572089,2022,12,28,0,3190.75341796875,,,2.201619863510132
East,Fine Arts,2022-12-29T00:00:00,41.311962,-105.572089,2022,12,29,0,3090.45263671875,,,2.132412433624268
East,Fine Arts,2022-12-30T00:00:00,41.311962,-105.572089,2022,12,30,0,3185.3896484375,,,2.1979188919067383
East,Fine Arts,2022-12-31T00:00:00,41.311962,-105.572089,2022,12,31,0,3174.019287109375,,,2.190073251724243
East,Fine Arts,2023-01-01T00:00:00,41.311962,-105.572089,2023,1,1,0,3308.809326171875,,,2.28307843208313
East,Fine Arts,2023-01-02T00:00:00,41.311962,-105.572089,2023,1,2,0,3250.126953125,,,2.2425875663757324
East,Fine Arts,2023-01-03T00:00:00,41.311962,-105.572089,2023,1,3,0,3242.206298828125,,,2.237122297286988
East,Fine Arts,2023-01-04T00:00:00,41.311962,-105.572089,2023,1,4,0,3401.765625,,,2.3472182750701904
East,Fine Arts,2023-01-05T00:00:00,41.311962,-105.572089,2023,1,5,0,3392.065673828125,,,2.340525388717652
East,Fine Arts,2023-01-06T00:00:00,41.311962,-105.572089,2023,1,6,0,3292.105224609375,,,2.271552562713623
East,Fine Arts,2023-01-07T00:00:00,41.311962,-105.572089,2023,1,7,0,3102.61083984375,,,2.140801429748535
East,Fine Arts,2023-01-08T00:00:00,41.311962,-105.572089,2023,1,8,0,3358.58203125,,,2.3174216747283936
East,Fine Arts,2023-01-09T00:00:00,41.311962,-105.572089,2023,1,9,0,3619.91064453125,,,2.4977383613586426
East,Fine Arts,2023-01-10T00:00:00,41.311962,-105.572089,2023,1,10,0,3538.06298828125,,,2.441263437271118
East,Fine Arts,2023-01-11T00:00:00,41.311962,-105.572089,2023,1,11,0,3395.929443359375,,,2.343191385269165
East,Fine Arts,2023-01-12T00:00:00,41.311962,-105.572089,2023,1,12,0,3403.068115234375,,,2.348117113113404
East,Fine Arts,2023-01-13T00:00:00,41.311962,-105.572089,2023,1,13,0,3518.2724609375,,,2.427608013153076
East,Fine Arts,2023-01-14T00:00:00,41.311962,-105.572089,2023,1,14,0,3365.02099609375,,,2.321864604949951
East,Fine Arts,2023-01-15T00:00:00,41.311962,-105.572089,2023,1,15,0,3483.451416015625,,,2.403581619262696
East,Fine Arts,2023-01-16T00:00:00,41.311962,-105.572089,2023,1,16,0,3638.767578125,,,2.510749578475952
East,Fine Arts,2023-01-17T00:00:00,41.311962,-105.572089,2023,1,17,0,3724.295654296875,,,2.5697641372680664
East,Fine Arts,2023-01-18T00:00:00,41.311962,-105.572089,2023,1,18,0,3541.751220703125,,,2.443808317184448
East,Fine Arts,2023-01-19T00:00:00,41.311962,-105.572089,2023,1,19,0,3594.110107421875,,,2.479936122894287
East,Fine Arts,2023-01-20T00:00:00,41.311962,-105.572089,2023,1,20,0,3305.1142578125,,,2.2805287837982178
East,Fine Arts,2023-01-21T00:00:00,41.311962,-105.572089,2023,1,21,0,3375.72998046875,,,2.329253673553467
East,Fine Arts,2023-01-22T00:00:00,41.311962,-105.572089,2023,1,22,0,3922.46484375,,,2.706500768661499
East,Fine Arts,2023-01-23T00:00:00,41.311962,-105.572089,2023,1,23,0,3422.2255859375,,,2.3613357543945312
East,Fine Arts,2023-01-24T00:00:00,41.311962,-105.572089,2023,1,24,0,3816.25390625,,,2.6332151889801025
East,Fine Arts,2023-01-25T00:00:00,41.311962,-105.572089,2023,1,25,0,3546.472900390625,,,2.447066307067871
East,Fine Arts,2023-01-26T00:00:00,41.311962,-105.572089,2023,1,26,0,3519.559814453125,,,2.4284963607788086
East,Fine Arts,2023-01-27T00:00:00,41.311962,-105.572089,2023,1,27,0,3651.203369140625,,,2.5193302631378174
East,Fine Arts,2023-01-28T00:00:00,41.311962,-105.572089,2023,1,28,0,3694.83544921875,,,2.549436569213867
East,Fine Arts,2023-01-29T00:00:00,41.311962,-105.572089,2023,1,29,0,4059.70703125,,,2.801198005676269
East,Fine Arts,2023-01-30T00:00:00,41.311962,-105.572089,2023,1,30,0,4106.3193359375,,,2.833360433578491
East,Fine Arts,2023-01-31T00:00:00,41.311962,-105.572089,2023,1,31,0,3766.810791015625,,,2.5990993976593018
East,Fine Arts,2023-02-01T00:00:00,41.311962,-105.572089,2023,2,1,0,3505.65576171875,,,2.418902635574341
East,Fine Arts,2023-02-02T00:00:00,41.311962,-105.572089,2023,2,2,0,3474.185302734375,,,2.3971879482269287
East,Fine Arts,2023-02-03T00:00:00,41.311962,-105.572089,2023,2,3,0,2977.641357421875,,,2.054572582244873
East,Fine Arts,2023-02-04T00:00:00,41.311962,-105.572089,2023,2,4,0,4016.181396484375,,,2.771165132522583
East,Fine Arts,2023-02-05T00:00:00,41.311962,-105.572089,2023,2,5,0,3282.209716796875,,,2.2647247314453125
East,Fine Arts,2023-02-06T00:00:00,41.311962,-105.572089,2023,2,6,0,3444.76171875,,,2.3768856525421143
East,Fine Arts,2023-02-07T00:00:00,41.311962,-105.572089,2023,2,7,0,4026.514892578125,,,2.7782952785491943
East,Fine Arts,2023-02-08T00:00:00,41.311962,-105.572089,2023,2,8,0,3845.2001953125,,,2.6531882286071777
East,Fine Arts,2023-02-09T00:00:00,41.311962,-105.572089,2023,2,9,0,3953.10546875,,,2.727642774581909
East,Fine Arts,2023-02-10T00:00:00,41.311962,-105.572089,2023,2,10,0,3851.189697265625,,,2.657320976257324
East,Fine Arts,2023-02-11T00:00:00,41.311962,-105.572089,2023,2,11,0,3758.623291015625,,,2.5934500694274902
East,Fine Arts,2023-02-12T00:00:00,41.311962,-105.572089,2023,2,12,0,3332.318603515625,,,2.299299955368042
East,Fine Arts,2023-02-13T00:00:00,41.311962,-105.572089,2023,2,13,0,3894.5830078125,,,2.6872622966766357
East,Fine Arts,2023-02-14T00:00:00,41.311962,-105.572089,2023,2,14,0,3965.3291015625,,,2.736077070236206
East,Fine Arts,2023-02-15T00:00:00,41.311962,-105.572089,2023,2,15,0,4427.48095703125,,,3.054961919784546
East,Fine Arts,2023-02-16T00:00:00,41.311962,-105.572089,2023,2,16,0,4558.33056640625,,,3.1452481746673584
East,Fine Arts,2023-02-17T00:00:00,41.311962,-105.572089,2023,2,17,0,4433.9482421875,,,3.05942440032959
East,Fine Arts,2023-02-18T00:00:00,41.311962,-105.572089,2023,2,18,0,3865.108154296875,,,2.6669247150421143
East,Fine Arts,2023-02-19T00:00:00,41.311962,-105.572089,2023,2,19,0,2793.38671875,,,1.9274368286132812
East,Fine Arts,2023-02-20T00:00:00,41.311962,-105.572089,2023,2,20,0,1282.137451171875,,,0.8846748471260071
East,Fine Arts,2023-02-21T00:00:00,41.311962,-105.572089,2023,2,21,0,4117.25,,,2.84090256690979
East,Fine Arts,2023-02-22T00:00:00,41.311962,-105.572089,2023,2,22,0,3954.378173828125,,,2.7285211086273193
East,Fine Arts,2023-02-23T00:00:00,41.311962,-105.572089,2023,2,23,0,4062.34716796875,,,2.8030195236206055
East,Fine Arts,2023-02-24T00:00:00,41.311962,-105.572089,2023,2,24,0,3987.38916015625,,,2.751298666000366
East,Fine Arts,2023-02-25T00:00:00,41.311962,-105.572089,2023,2,25,0,3928.151611328125,,,2.7104246616363525
East,Fine Arts,2023-02-26T00:00:00,41.311962,-105.572089,2023,2,26,0,3397.97509765625,,,2.3446028232574463
East,Fine Arts,2023-02-27T00:00:00,41.311962,-105.572089,2023,2,27,0,3485.98828125,,,2.40533185005188
East,Fine Arts,2023-02-28T00:00:00,41.311962,-105.572089,2023,2,28,0,4093.084716796875,,,2.824228525161743
East,Fine Arts,2023-03-01T00:00:00,41.311962,-105.572089,2023,3,1,0,3973.61669921875,,,2.741795539855957
East,Fine Arts,2023-03-02T00:00:00,41.311962,-105.572089,2023,3,2,0,3919.129150390625,,,2.7041990756988525
East,Fine Arts,2023-03-03T00:00:00,41.311962,-105.572089,2023,3,3,0,3837.20703125,,,2.6476728916168213
East,Fine Arts,2023-03-04T00:00:00,41.311962,-105.572089,2023,3,4,0,3796.47705078125,,,2.6195693016052246
East,Fine Arts,2023-03-05T00:00:00,41.311962,-105.572089,2023,3,5,0,3124.113037109375,,,2.1556379795074463
East,Fine Arts,2023-03-06T00:00:00,41.311962,-105.572089,2023,3,6,0,3259.561767578125,,,2.2490975856781006
